id,name,name@pt,code,account_type,tag_ids-disabled,reconcile
account_snc_base_receivable,Clientes gerais,Clientes gerais,2111,asset_receivable,account.tag_cfc_a00301,True
account_snc_base_payable,Fornecedores gerais,Fornecedores gerais,2211,liability_payable,account.tag_cfc_a00302,True
account_snc_base_2113,Clientes - empresas subsidiárias,Clientes - empresas subsidiárias,2113,asset_receivable,account.tag_cfc_a00301,True
account_snc_base_2114,Clientes - empresas associadas,Clientes - empresas associadas,2114,asset_receivable,account.tag_cfc_a00301,True
account_snc_base_2115,Clientes - empreendimentos conjuntos,Clientes - empreendimentos conjuntos,2115,asset_receivable,account.tag_cfc_a00301,True
account_snc_base_2116,Clientes - outras partes relacionadas,Clientes - outras partes relacionadas,2116,asset_receivable,account.tag_cfc_a00301,True
account_snc_base_2118,Clientes gerais (PoS),Clientes gerais (PoS),2118,asset_receivable,account.tag_cfc_a00301,True
account_snc_base_2121,Clientes gerais,Clientes gerais,2121,asset_receivable,account.tag_cfc_a00301,True
account_snc_base_2122,Clientes - empresa-mãe,Clientes - empresa-mãe,2122,asset_receivable,account.tag_cfc_a00301,True
account_snc_base_2123,Clientes - empresas subsidiárias,Clientes - empresas subsidiárias,2123,asset_receivable,account.tag_cfc_a00301,True
account_snc_base_2124,Clientes - empresas associadas,Clientes - empresas associadas,2124,asset_receivable,account.tag_cfc_a00301,True
account_snc_base_2125,Clientes - empreendimentos conjuntos,Clientes - empreendimentos conjuntos,2125,asset_receivable,account.tag_cfc_a00301,True
account_snc_base_2126,Clientes - outras partes relacionadas,Clientes - outras partes relacionadas,2126,asset_receivable,account.tag_cfc_a00301,True
account_snc_base_217,Clientes de cobrança duvidosa,Clientes de cobrança duvidosa,217,asset_receivable,account.tag_cfc_a00301,True
account_snc_base_218,Adiantamentos de clientes,Adiantamentos de clientes,218,liability_current,account.tag_cfc_a00301,False
account_snc_base_21911,Clientes gerais,Clientes gerais,21911,asset_current,,False
account_snc_base_21912,Clientes - empresa-mãe,Clientes - empresa-mãe,21912,asset_current,,False
account_snc_base_21913,Clientes - empresas subsidiárias,Clientes - empresas subsidiárias,21913,asset_current,,False
account_snc_base_21914,Clientes - empresas associadas,Clientes - empresas associadas,21914,asset_current,,False
account_snc_base_21915,Clientes - empreendimentos conjuntos,Clientes - empreendimentos conjuntos,21915,asset_current,,False
account_snc_base_21916,Clientes - outras partes relacionadas,Clientes - outras partes relacionadas,21916,asset_current,,False
account_snc_base_21921,Clientes gerais,Clientes gerais,21921,asset_current,,False
account_snc_base_21922,Clientes - empresa-mãe,Clientes - empresa-mãe,21922,asset_current,,False
account_snc_base_21923,Clientes - empresas subsidiárias,Clientes - empresas subsidiárias,21923,asset_current,,False
account_snc_base_21924,Clientes - empresas associadas,Clientes - empresas associadas,21924,asset_current,,False
account_snc_base_21925,Clientes - empreendimentos conjuntos,Clientes - empreendimentos conjuntos,21925,asset_current,,False
account_snc_base_21926,Clientes - outras partes relacionadas,Clientes - outras partes relacionadas,21926,asset_current,,False
account_snc_base_2198,Outros clientes,Outros clientes,2198,asset_current,,False
account_snc_base_2212,Fornecedores - empresa-mãe,Fornecedores - empresa-mãe,2212,liability_payable,account.tag_cfc_a00302,True
account_snc_base_2213,Fornecedores - empresas subsidiárias,Fornecedores - empresas subsidiárias,2213,liability_payable,account.tag_cfc_a00302,True
account_snc_base_2214,Fornecedores - empresas associadas,Fornecedores - empresas associadas,2214,liability_payable,account.tag_cfc_a00302,True
account_snc_base_2215,Fornecedores - empreendimentos conjuntos,Fornecedores - empreendimentos conjuntos,2215,liability_payable,account.tag_cfc_a00302,True
account_snc_base_2216,Fornecedores - outras partes relacionadas,Fornecedores - outras partes relacionadas,2216,liability_payable,account.tag_cfc_a00302,True
account_snc_base_2221,Fornecedores gerais,Fornecedores gerais,2221,liability_payable,account.tag_cfc_a00302,True
account_snc_base_2222,Fornecedores - empresa-mãe,Fornecedores - empresa-mãe,2222,liability_payable,account.tag_cfc_a00302,True
account_snc_base_2223,Fornecedores - empresas subsidiárias,Fornecedores - empresas subsidiárias,2223,liability_payable,account.tag_cfc_a00302,True
account_snc_base_2224,Fornecedores - empresas associadas,Fornecedores - empresas associadas,2224,liability_payable,account.tag_cfc_a00302,True
account_snc_base_2225,Fornecedores - empreendimentos conjuntos,Fornecedores - empreendimentos conjuntos,2225,liability_payable,account.tag_cfc_a00302,True
account_snc_base_2226,Fornecedores - outras partes relacionadas,Fornecedores - outras partes relacionadas,2226,liability_payable,account.tag_cfc_a00302,True
account_snc_base_2112,Clientes - empresa-mãe,Clientes - empresa-mãe,2112,asset_receivable,account.tag_cfc_a00301,True
account_snc_base_23711,Corrente,Corrente,23711,liability_current,account.tag_cfc_a00306,False
account_snc_base_23712,Não Corrente,Não Corrente,23712,liability_non_current,account.tag_cfc_a00306,False
account_snc_base_23721,Corrente,Corrente,23721,liability_current,account.tag_cfc_a00306,False
account_snc_base_23722,Não Corrente,Não Corrente,23722,liability_non_current,account.tag_cfc_a00306,False
account_snc_base_23911,Aos órgãos sociais,Aos órgãos sociais,23911,asset_current,,False
account_snc_base_23912,Ao pessoal,Ao pessoal,23912,asset_current,,False
account_snc_base_239211,Corrente,Corrente,239211,asset_current,,False
account_snc_base_239212,Não Corrente,Não Corrente,239212,asset_non_current,,False
account_snc_base_239221,Corrente,Corrente,239221,asset_current,,False
account_snc_base_239222,Não Corrente,Não Corrente,239222,asset_non_current,,False
account_snc_base_2411,Pagamento por conta,Pagamento por conta,2411,liability_current,account.tag_cfc_a00305,False
account_snc_base_2412,Pagamento especial por conta,Pagamento especial por conta,2412,liability_current,account.tag_cfc_a00305,False
account_snc_base_2413,Derrama,Derrama,2413,liability_current,account.tag_cfc_a00305,False
account_snc_base_2414,Retenções na fonte efetuadas por terceiros,Retenções na fonte efetuadas por terceiros,2414,liability_current,account.tag_cfc_a00305,False
account_snc_base_2415,Imposto estimado,Imposto estimado,2415,liability_current,account.tag_cfc_a00305,False
account_snc_base_2416,Imposto apuramento,Imposto apuramento,2416,liability_current,account.tag_cfc_a00305,False
account_snc_base_2417,Imposto a pagar,Imposto a pagar,2417,liability_current,account.tag_cfc_a00305,True
account_snc_base_2418,Imposto a recuperar,Imposto a recuperar,2418,asset_current,account.tag_cfc_a00305,True
account_snc_base_25211,Corrente,Corrente,25211,liability_current,"account.tag_cfc_a00320,account.tag_cfc_a00325",False
account_snc_base_25212,Não Corrente,Não Corrente,25212,liability_non_current,"account.tag_cfc_a00320,account.tag_cfc_a00325",False
account_snc_base_25311,Corrente,Corrente,25311,liability_current,"account.tag_cfc_a00324,account.tag_cfc_a00329",False
account_snc_base_25312,Não Corrente,Não Corrente,25312,liability_non_current,"account.tag_cfc_a00324,account.tag_cfc_a00329",False
account_snc_base_25321,Corrente,Corrente,25321,liability_current,"account.tag_cfc_a00324,account.tag_cfc_a00329",False
account_snc_base_25322,Não Corrente,Não Corrente,25322,liability_non_current,"account.tag_cfc_a00324,account.tag_cfc_a00329",False
account_snc_base_2541,Corrente,Corrente,2541,liability_current,"account.tag_cfc_a00324,account.tag_cfc_a00329",False
account_snc_base_2542,Não Corrente,Não Corrente,2542,liability_non_current,"account.tag_cfc_a00324,account.tag_cfc_a00329",False
account_snc_base_2581,Corrente,Corrente,2581,liability_current,"account.tag_cfc_a00324,account.tag_cfc_a00329",False
account_snc_base_2582,Não Corrente,Não Corrente,2582,liability_non_current,"account.tag_cfc_a00324,account.tag_cfc_a00329",False
account_snc_base_261,Acionistas c/ subscrição,Acionistas c/ subscrição,261,asset_current,"account.tag_cfc_a00321,account.tag_cfc_a00328",False
account_snc_base_262,Quotas não liberadas,Quotas não liberadas,262,asset_current,,False
account_snc_base_263,Adiantamentos por conta de lucros,Adiantamentos por conta de lucros,263,asset_current,account.tag_cfc_a00306,False
account_snc_base_264,Resultados atribuídos,Resultados atribuídos,264,asset_current,,False
account_snc_base_265,Lucros disponíveis,Lucros disponíveis,265,asset_current,,False
account_snc_base_2661,Corrente,Corrente,2661,asset_current,"account.tag_cfc_a00324,account.tag_cfc_a00329",False
account_snc_base_2662,Não Corrente,Não Corrente,2662,asset_non_current,"account.tag_cfc_a00324,account.tag_cfc_a00329",False
account_snc_base_2681,Corrente,Corrente,2681,asset_current,"account.tag_cfc_a00324,account.tag_cfc_a00329",False
account_snc_base_2682,Não Corrente,Não Corrente,2682,asset_non_current,"account.tag_cfc_a00324,account.tag_cfc_a00329",False
account_snc_base_2691,Acionistas c/ subscrição,Acionistas c/ subscrição,2691,asset_current,,False
account_snc_base_2692,Quotas não liberadas,Quotas não liberadas,2692,asset_current,,False
account_snc_base_2693,Adiantamentos por conta de lucros,Adiantamentos por conta de lucros,2693,asset_current,,False
account_snc_base_2694,Resultados atribuídos,Resultados atribuídos,2694,asset_current,,False
account_snc_base_2695,Lucros disponíveis,Lucros disponíveis,2695,asset_current,,False
account_snc_base_26961,Corrente,Corrente,26961,asset_current,,False
account_snc_base_26962,Não Corrente,Não Corrente,26962,asset_non_current,,False
account_snc_base_26981,Corrente,Corrente,26981,asset_current,,False
account_snc_base_26982,Não Corrente,Não Corrente,26982,asset_non_current,,False
account_snc_base_273,Benefícios pós-emprego,Benefícios pós-emprego,273,liability_current,,False
account_snc_base_2741,Ativos por impostos diferidos,Ativos por impostos diferidos,2741,asset_current,,False
account_snc_base_2742,Passivos por impostos diferidos,Passivos por impostos diferidos,2742,liability_current,,False
account_snc_base_2751,Corrente,Corrente,2751,liability_current,account.tag_cfc_a00306,False
account_snc_base_2752,Não Corrente,Não Corrente,2752,liability_non_current,account.tag_cfc_a00306,False
account_snc_base_279131,Corrente,Corrente,279131,asset_current,,False
account_snc_base_279132,Não Corrente,Não Corrente,279132,asset_non_current,,False
account_snc_base_27921,Devedores por acréscimos de rendimentos,Devedores por acréscimos de rendimentos,27921,asset_current,,False
account_snc_base_27931,Ativos por impostos diferidos,Ativos por impostos diferidos,27931,asset_current,,False
account_snc_base_279811,Outros devedores,Outros devedores,279811,asset_current,,False
account_snc_base_279812,Outros credores,Outros credores,279812,liability_current,,False
account_snc_base_279821,Outros devedores,Outros devedores,279821,asset_non_current,,False
account_snc_base_279822,Outros credores,Outros credores,279822,liability_non_current,,False
account_snc_base_295,Matérias ambientais,Matérias ambientais,295,liability_current,,False
account_snc_base_296,Contratos onerosos,Contratos onerosos,296,liability_current,,False
account_snc_base_297,Reestruturação,Reestruturação,297,liability_current,,False
account_snc_base_298,Outras provisões,Outras provisões,298,liability_current,,False
account_snc_base_3121,Matérias-primas,Matérias-primas,3121,expense,account.tag_cfc_a00302,False
account_snc_base_3122,Matérias subsidiárias,Matérias subsidiárias,3122,expense,account.tag_cfc_a00302,False
account_snc_base_3123,Embalagens,Embalagens,3123,expense,account.tag_cfc_a00302,False
account_snc_base_3124,Materiais diversos,Materiais diversos,3124,expense,account.tag_cfc_a00302,False
account_snc_base_3131,Consumíveis,Consumíveis,3131,expense,account.tag_cfc_a00302,False
account_snc_base_3132,Produção,Produção,3132,expense,account.tag_cfc_a00302,False
account_snc_base_3171,Mercadorias,Mercadorias,3171,expense,account.tag_cfc_a00302,False
account_snc_base_31721,Matérias-primas,Matérias-primas,31721,expense,account.tag_cfc_a00302,False
account_snc_base_31722,Matérias subsidiárias,Matérias subsidiárias,31722,expense,account.tag_cfc_a00302,False
account_snc_base_31723,Embalagens,Embalagens,31723,expense,account.tag_cfc_a00302,False
account_snc_base_31724,Materiais diversos,Materiais diversos,31724,expense,account.tag_cfc_a00302,False
account_snc_base_31731,Consumíveis,Consumíveis,31731,expense,account.tag_cfc_a00302,False
account_snc_base_31732,Produção,Produção,31732,expense,account.tag_cfc_a00302,False
account_snc_base_3181,Mercadorias,Mercadorias,3181,expense,account.tag_cfc_a00302,False
account_snc_base_31821,Matérias-primas,Matérias-primas,31821,expense,account.tag_cfc_a00302,False
account_snc_base_31822,Matérias subsidiárias,Matérias subsidiárias,31822,expense,account.tag_cfc_a00302,False
account_snc_base_31823,Embalagens,Embalagens,31823,expense,account.tag_cfc_a00302,False
account_snc_base_31824,Materiais diversos,Materiais diversos,31824,expense,account.tag_cfc_a00302,False
account_snc_base_31831,Consumíveis,Consumíveis,31831,expense,account.tag_cfc_a00302,False
account_snc_base_31832,Produção,Produção,31832,expense,account.tag_cfc_a00302,False
account_snc_base_3291,Mercadorias em armazém,Mercadorias em armazém,3291,asset_current,,False
account_snc_base_3295,Mercadorias em trânsito,Mercadorias em trânsito,3295,asset_current,,False
account_snc_base_3296,Mercadorias em poder de terceiros,Mercadorias em poder de terceiros,3296,asset_current,,False
account_snc_base_3391,Matérias-primas,Matérias-primas,3391,asset_current,,False
account_snc_base_3392,Matérias subsidiárias,Matérias subsidiárias,3392,asset_current,,False
account_snc_base_3393,Embalagens,Embalagens,3393,asset_current,,False
account_snc_base_3394,Materiais diversos,Materiais diversos,3394,asset_current,,False
account_snc_base_3395,Matérias em trânsito,Matérias em trânsito,3395,asset_current,,False
account_snc_base_3396,"Outras Matérias-primas,subsidiárias e de consumo","Outras Matérias-primas,subsidiárias e de consumo",3396,asset_current,,False
account_snc_base_341,Produtos acabados,Produtos acabados,341,asset_current,,False
account_snc_base_342,Produtos intermédios,Produtos intermédios,342,asset_current,,False
account_snc_base_3461,Produtos acabados,Produtos acabados,3461,asset_current,,False
account_snc_base_3462,Produtos intermédios,Produtos intermédios,3462,asset_current,,False
account_snc_base_34911,Produtos acabados,Produtos acabados,34911,asset_current,,False
account_snc_base_34912,Produtos intermédios,Produtos intermédios,34912,asset_current,,False
account_snc_base_34961,Produtos acabados,Produtos acabados,34961,asset_current,,False
account_snc_base_34962,Produtos intermédios,Produtos intermédios,34962,asset_current,,False
account_snc_base_35911,Subprodutos,Subprodutos,35911,asset_current,,False
account_snc_base_35912,"Desperdícios, resíduos e refugos","Desperdícios, resíduos e refugos",35912,asset_current,,False
account_snc_base_3598,"Outros subprodutos,desperdícios, resíduos e refugos","Outros subprodutos,desperdícios, resíduos e refugos",3598,asset_current,,False
account_snc_base_361,Produtos e trabalhos em curso,Produtos e trabalhos em curso,361,asset_current,,False
account_snc_base_3691,Produtos e trabalhos em curso,Produtos e trabalhos em curso,3691,asset_current,,False
account_snc_base_3711,Animais,Animais,3711,asset_current,,False
account_snc_base_3712,Plantas,Plantas,3712,asset_current,,False
account_snc_base_3721,Animais,Animais,3721,asset_current,,False
account_snc_base_3722,Plantas,Plantas,3722,asset_current,,False
account_snc_base_3781,Consumíveis,Consumíveis,3781,asset_current,,False
account_snc_base_3782,De produção,De produção,3782,asset_current,,False
account_snc_base_3791,Consumíveis,Consumíveis,3791,asset_current,,False
account_snc_base_3792,De produção,De produção,3792,asset_current,,False
account_snc_base_3821,Mercadorias em armazém,Mercadorias em armazém,3821,expense,,False
account_snc_base_3825,Mercadorias em trânsito,Mercadorias em trânsito,3825,expense,,False
account_snc_base_3826,Mercadorias em poder de terceiros,Mercadorias em poder de terceiros,3826,expense,,False
account_snc_base_3831,Matérias-primas,Matérias-primas,3831,expense,,False
account_snc_base_3832,Matérias subsidiárias,Matérias subsidiárias,3832,expense,,False
account_snc_base_3833,Embalagens,Embalagens,3833,expense,,False
account_snc_base_3834,Materiais diversos,Materiais diversos,3834,expense,,False
account_snc_base_3835,Matérias em trânsito,Matérias em trânsito,3835,expense,,False
account_snc_base_3841,Produtos acabados,Produtos acabados,3841,expense,,False
account_snc_base_3842,Produtos intermédios,Produtos intermédios,3842,expense,,False
account_snc_base_3851,Subprodutos,Subprodutos,3851,expense,,False
account_snc_base_3852,"Desperdícios, resíduos e refugos","Desperdícios, resíduos e refugos",3852,expense,,False
account_snc_base_38711,Animais,Animais,38711,expense,,False
account_snc_base_38712,Plantas,Plantas,38712,expense,,False
account_snc_base_38721,Animais,Animais,38721,expense,,False
account_snc_base_38722,Plantas,Plantas,38722,expense,,False
account_snc_base_3921,Matérias-primas,Matérias-primas,3921,asset_current,account.tag_cfc_a00302,False
account_snc_base_3922,Matérias subsidiárias,Matérias subsidiárias,3922,asset_current,account.tag_cfc_a00302,False
account_snc_base_3923,Embalagens,Embalagens,3923,asset_current,account.tag_cfc_a00302,False
account_snc_base_3924,Materiais diversos,Materiais diversos,3924,asset_current,account.tag_cfc_a00302,False
account_snc_base_3931,Consumíveis,Consumíveis,3931,asset_current,account.tag_cfc_a00302,False
account_snc_base_3932,Produção,Produção,3932,asset_current,account.tag_cfc_a00302,False
account_snc_base_41111,Participação de capital,Participação de capital,41111,asset_non_current,"account.tag_cfc_a00310,account.tag_cfc_a00314",False
account_snc_base_41112,Goodwill,Goodwill,41112,asset_non_current,"account.tag_cfc_a00310,account.tag_cfc_a00314",False
account_snc_base_4112,Participações de capital - outros métodos,Participações de capital - outros métodos,4112,asset_non_current,"account.tag_cfc_a00310,account.tag_cfc_a00314",False
account_snc_base_4113,Empréstimos concedidos,Empréstimos concedidos,4113,asset_non_current,"account.tag_cfc_a00324,account.tag_cfc_a00329",False
account_snc_base_41211,Participação de capital,Participação de capital,41211,asset_non_current,"account.tag_cfc_a00310,account.tag_cfc_a00314",False
account_snc_base_41212,Goodwill,Goodwill,41212,asset_non_current,"account.tag_cfc_a00310,account.tag_cfc_a00314",False
account_snc_base_4122,Participações de capital - outros métodos,Participações de capital - outros métodos,4122,asset_non_current,"account.tag_cfc_a00310,account.tag_cfc_a00314",False
account_snc_base_4123,Empréstimos concedidos,Empréstimos concedidos,4123,asset_non_current,"account.tag_cfc_a00324,account.tag_cfc_a00329",False
account_snc_base_41311,Participação de capital,Participação de capital,41311,asset_non_current,"account.tag_cfc_a00310,account.tag_cfc_a00314",False
account_snc_base_41312,Goodwill,Goodwill,41312,asset_non_current,"account.tag_cfc_a00310,account.tag_cfc_a00314",False
account_snc_base_4132,Participações de capital - outros métodos,Participações de capital - outros métodos,4132,asset_non_current,"account.tag_cfc_a00310,account.tag_cfc_a00314",False
account_snc_base_4133,Empréstimos concedidos,Empréstimos concedidos,4133,asset_non_current,"account.tag_cfc_a00324,account.tag_cfc_a00329",False
account_snc_base_4151,Detidos até à maturidade,Detidos até à maturidade,4151,asset_non_current,"account.tag_cfc_a00310,account.tag_cfc_a00314",False
account_snc_base_41581,Fundo Compensação de Trabalho,Fundo Compensação de Trabalho,41581,asset_non_current,"account.tag_cfc_a00310,account.tag_cfc_a00314",False
account_snc_base_419111,Participação de capital,Participação de capital,419111,asset_non_current,,False
account_snc_base_419112,Goodwill,Goodwill,419112,asset_non_current,,False
account_snc_base_41912,Participações de capital - outros métodos,Participações de capital - outros métodos,41912,asset_non_current,,False
account_snc_base_41913,Empréstimos concedidos,Empréstimos concedidos,41913,asset_non_current,,False
account_snc_base_41914,Outros investimentos financeiros,Outros investimentos financeiros,41914,asset_non_current,,False
account_snc_base_419211,Participação de capital,Participação de capital,419211,asset_non_current,,False
account_snc_base_419212,Goodwill,Goodwill,419212,asset_non_current,,False
account_snc_base_41922,Participações de capital - outros métodos,Participações de capital - outros métodos,41922,asset_non_current,,False
account_snc_base_41923,Empréstimos concedidos,Empréstimos concedidos,41923,asset_non_current,,False
account_snc_base_41924,Outros investimentos financeiros,Outros investimentos financeiros,41924,asset_non_current,,False
account_snc_base_419311,Participação de capital,Participação de capital,419311,asset_non_current,,False
account_snc_base_419312,Goodwill,Goodwill,419312,asset_non_current,,False
account_snc_base_41932,Participações de capital - outros métodos,Participações de capital - outros métodos,41932,asset_non_current,,False
account_snc_base_41933,Empréstimos concedidos,Empréstimos concedidos,41933,asset_non_current,,False
account_snc_base_41934,Outros investimentos financeiros,Outros investimentos financeiros,41934,asset_non_current,,False
account_snc_base_41941,Participações de capital,Participações de capital,41941,asset_non_current,,False
account_snc_base_41943,Empréstimos concedidos,Empréstimos concedidos,41943,asset_non_current,,False
account_snc_base_41944,Outros investimentos financeiros,Outros investimentos financeiros,41944,asset_non_current,,False
account_snc_base_41951,Detidos até à maturidade,Detidos até à maturidade,41951,asset_non_current,,False
account_snc_base_41952,Outros,Outros,41952,asset_non_current,,False
account_snc_base_421,Terrenos e recursos naturais,Terrenos e recursos naturais,421,asset_non_current,"account.tag_cfc_a00308,account.tag_cfc_a00312",False
account_snc_base_422,Edifícios e outras construções,Edifícios e outras construções,422,asset_non_current,"account.tag_cfc_a00308,account.tag_cfc_a00312",False
account_snc_base_426,Outras propriedades de investimento,Outras propriedades de investimento,426,asset_non_current,"account.tag_cfc_a00311,account.tag_cfc_a00315",False
account_snc_base_4281,Terrenos e recursos naturais,Terrenos e recursos naturais,4281,asset_non_current,,False
account_snc_base_4282,Edifícios e outras construções,Edifícios e outras construções,4282,asset_non_current,,False
account_snc_base_4286,Outras propriedades de investimento,Outras propriedades de investimento,4286,asset_non_current,,False
account_snc_base_4291,Terrenos e recursos naturais,Terrenos e recursos naturais,4291,asset_non_current,,False
account_snc_base_4292,Edifícios e outras construções,Edifícios e outras construções,4292,asset_non_current,,False
account_snc_base_4296,Outras propriedades de investimento,Outras propriedades de investimento,4296,asset_non_current,,False
account_snc_base_431,Terrenos e recursos naturais,Terrenos e recursos naturais,431,asset_fixed,"account.tag_cfc_a00308,account.tag_cfc_a00312",False
account_snc_base_432,Edifícios e outras construções,Edifícios e outras construções,432,asset_fixed,"account.tag_cfc_a00308,account.tag_cfc_a00312",False
account_snc_base_433,Equipamento básico,Equipamento básico,433,asset_fixed,"account.tag_cfc_a00308,account.tag_cfc_a00312",False
account_snc_base_4381,Terrenos e recursos naturais,Terrenos e recursos naturais,4381,asset_fixed,,False
account_snc_base_4382,Edifícios e outras construções,Edifícios e outras construções,4382,asset_fixed,,False
account_snc_base_4383,Equipamento básico,Equipamento básico,4383,asset_fixed,,False
account_snc_base_4384,Equipamento de transporte,Equipamento de transporte,4384,asset_fixed,,False
account_snc_base_4385,Equipamento administrativo,Equipamento administrativo,4385,asset_fixed,,False
account_snc_base_4386,Equipamentos biológicos,Equipamentos biológicos,4386,asset_fixed,,False
account_snc_base_4387,Outros ativos fixos tangíveis,Outros ativos fixos tangíveis,4387,asset_fixed,,False
account_snc_base_4391,Terrenos e recursos naturais,Terrenos e recursos naturais,4391,asset_fixed,,False
account_snc_base_4392,Edifícios e outras construções,Edifícios e outras construções,4392,asset_fixed,,False
account_snc_base_4393,Equipamento básico,Equipamento básico,4393,asset_fixed,,False
account_snc_base_4394,Equipamento de transporte,Equipamento de transporte,4394,asset_fixed,,False
account_snc_base_4395,Equipamento administrativo,Equipamento administrativo,4395,asset_fixed,,False
account_snc_base_4396,Equipamentos biológicos,Equipamentos biológicos,4396,asset_fixed,,False
account_snc_base_4397,Outros ativos fixos tangíveis,Outros ativos fixos tangíveis,4397,asset_fixed,,False
account_snc_base_441,Goodwill,Goodwill,441,asset_non_current,"account.tag_cfc_a00309,account.tag_cfc_a00313",False
account_snc_base_442,Projetos de desenvolvimento,Projetos de desenvolvimento,442,asset_non_current,"account.tag_cfc_a00309,account.tag_cfc_a00313",False
account_snc_base_4481,Goodwill,Goodwill,4481,asset_non_current,,False
account_snc_base_4482,Projetos de desenvolvimento,Projetos de desenvolvimento,4482,asset_non_current,,False
account_snc_base_4483,Programas de computador,Programas de computador,4483,asset_non_current,,False
account_snc_base_4484,Propriedade industrial,Propriedade industrial,4484,asset_non_current,,False
account_snc_base_4486,Outros ativos intangíveis,Outros ativos intangíveis,4486,asset_non_current,,False
account_snc_base_4491,Goodwill,Goodwill,4491,asset_non_current,,False
account_snc_base_4492,Projetos de desenvolvimento,Projetos de desenvolvimento,4492,asset_non_current,,False
account_snc_base_4493,Programas de computador,Programas de computador,4493,asset_non_current,,False
account_snc_base_4494,Propriedade industrial,Propriedade industrial,4494,asset_non_current,,False
account_snc_base_4496,Outros ativos intangíveis,Outros ativos intangíveis,4496,asset_non_current,,False
account_snc_base_452,Propriedades de investimento em curso,Propriedades de investimento em curso,452,asset_non_current,"account.tag_cfc_a00311,account.tag_cfc_a00315",False
account_snc_base_4551,Investimentos financeiros em curso,Investimentos financeiros em curso,4551,asset_non_current,"account.tag_cfc_a00310,account.tag_cfc_a00314",False
account_snc_base_4552,Propriedades de investimento em curso,Propriedades de investimento em curso,4552,asset_non_current,"account.tag_cfc_a00311,account.tag_cfc_a00315",False
account_snc_base_4553,Ativos fixos tangíveis em curso,Ativos fixos tangíveis em curso,4553,asset_fixed,"account.tag_cfc_a00308,account.tag_cfc_a00312",False
account_snc_base_4554,Ativos intangíveis em curso,Ativos intangíveis em curso,4554,asset_non_current,"account.tag_cfc_a00309,account.tag_cfc_a00313",False
account_snc_base_4591,Investimentos financeiros em curso,Investimentos financeiros em curso,4591,asset_non_current,,False
account_snc_base_4592,Propriedades de investimento em curso,Propriedades de investimento em curso,4592,asset_non_current,,False
account_snc_base_4593,Ativos fixos tangíveis em curso,Ativos fixos tangíveis em curso,4593,asset_fixed,,False
account_snc_base_4594,Ativos intangíveis em curso,Ativos intangíveis em curso,4594,asset_non_current,,False
account_snc_base_45951,Investimentos financeiros em curso,Investimentos financeiros em curso,45951,asset_non_current,,False
account_snc_base_45952,Propriedades de investimento em curso,Propriedades de investimento em curso,45952,asset_non_current,,False
account_snc_base_45953,Ativos fixos tangíveis em curso,Ativos fixos tangíveis em curso,45953,asset_fixed,,False
account_snc_base_45954,Ativos intangíveis em curso,Ativos intangíveis em curso,45954,asset_non_current,,False
account_snc_base_4611,Investimentos financeiros,Investimentos financeiros,4611,asset_non_current,"account.tag_cfc_a00310,account.tag_cfc_a00314",False
account_snc_base_4612,Propriedades de investimento,Propriedades de investimento,4612,asset_non_current,"account.tag_cfc_a00311,account.tag_cfc_a00315",False
account_snc_base_4613,Ativos fixos tangíveis,Ativos fixos tangíveis,4613,asset_fixed,"account.tag_cfc_a00308,account.tag_cfc_a00312",False
account_snc_base_4614,Ativos intangíveis,Ativos intangíveis,4614,asset_non_current,"account.tag_cfc_a00309,account.tag_cfc_a00313",False
account_snc_base_4615,Outros,Outros,4615,asset_non_current,"account.tag_cfc_a00311,account.tag_cfc_a00315",False
account_snc_base_462,Passivos não correntes detidos para venda,Passivos não correntes detidos para venda,462,asset_non_current,"account.tag_cfc_a00311,account.tag_cfc_a00315",False
account_snc_base_4691,Investimentos financeiros,Investimentos financeiros,4691,asset_non_current,,False
account_snc_base_4692,Propriedades de investimento,Propriedades de investimento,4692,asset_non_current,,False
account_snc_base_4693,Ativos fixos tangíveis,Ativos fixos tangíveis,4693,asset_fixed,,False
account_snc_base_4694,Ativos intangíveis,Ativos intangíveis,4694,asset_non_current,,False
account_snc_base_4695,Outros,Outros,4695,asset_non_current,,False
account_snc_base_511,Capital subscrito,Capital subscrito,511,equity,"account.tag_cfc_a00321,account.tag_cfc_a00328",False
account_snc_base_5711,Ajustamentos de transição,Ajustamentos de transição,5711,equity,,False
account_snc_base_5712,Lucros não atribuídos,Lucros não atribuídos,5712,equity,,False
account_snc_base_5713,Decorrentes de outras variações nos capitais próprios das participadas,Decorrentes de outras variações nos capitais próprios das participadas,5713,equity,,False
account_snc_base_579,Outros,Outros,579,equity,,False
account_snc_base_5811,Antes de imposto sobre o rendimento,Antes de imposto sobre o rendimento,5811,equity,,False
account_snc_base_5812,Impostos diferidos,Impostos diferidos,5812,equity,,False
account_snc_base_5891,Antes de imposto sobre o rendimento,Antes de imposto sobre o rendimento,5891,equity,,False
account_snc_base_5892,Impostos diferidos,Impostos diferidos,5892,equity,,False
account_snc_base_591,Diferenças de conversão de demonstrações financeiras,Diferenças de conversão de demonstrações financeiras,591,equity,,False
account_snc_base_592,Ajustamentos por impostos diferidos,Ajustamentos por impostos diferidos,592,equity,,False
account_snc_base_6121,Matérias-primas,Matérias-primas,6121,expense,account.tag_cfc_a00302,False
account_snc_base_6122,Matérias subsidiárias,Matérias subsidiárias,6122,expense,account.tag_cfc_a00302,False
account_snc_base_6123,Embalagens,Embalagens,6123,expense,account.tag_cfc_a00302,False
account_snc_base_6124,Materiais diversos,Materiais diversos,6124,expense,account.tag_cfc_a00302,False
account_snc_base_613,Ativos biológicos (compras),Ativos biológicos (compras),613,expense,account.tag_cfc_a00302,False
account_snc_base_62211,Trabalhos especializados,Trabalhos especializados,62211,expense,account.tag_cfc_a00306,False
account_snc_base_62212,Pagamentos a trabalhadores colocados através de agências,Pagamentos a trabalhadores colocados através de agências,62212,expense,account.tag_cfc_a00306,False
account_snc_base_6227,Serviços Bancários,Serviços Bancários,6227,expense,account.tag_cfc_a00306,False
account_snc_base_6228,Outros,Outros,6228,expense,account.tag_cfc_a00306,False
account_snc_base_62611,Rendas e alugueres,Rendas e alugueres,62611,expense,account.tag_cfc_a00306,False
account_snc_base_626121,Rendas de Terrenos sem edifícios implantados,Rendas de Terrenos sem edifícios implantados,626121,expense,account.tag_cfc_a00306,False
account_snc_base_626122,Rendas de Terrenos com edifícios implantados,Rendas de Terrenos com edifícios implantados,626122,expense,account.tag_cfc_a00306,False
account_snc_base_6331,Prémios para pensões,Prémios para pensões,6331,expense,account.tag_cfc_a00306,False
account_snc_base_6332,Outros benefícios,Outros benefícios,6332,expense,account.tag_cfc_a00306,False
account_snc_base_6411,Terrenos e recursos naturais,Terrenos e recursos naturais,6411,expense_depreciation,,False
account_snc_base_6412,Edifícios e outras construções,Edifícios e outras construções,6412,expense_depreciation,,False
account_snc_base_6416,Outras propriedades de investimento,Outras propriedades de investimento,6416,expense_depreciation,,False
account_snc_base_6421,Terrenos e recursos naturais,Terrenos e recursos naturais,6421,expense_depreciation,,False
account_snc_base_6422,Edifícios e outras construções,Edifícios e outras construções,6422,expense_depreciation,,False
account_snc_base_6423,Equipamento básico,Equipamento básico,6423,expense_depreciation,,False
account_snc_base_6424,Equipamento de transporte,Equipamento de transporte,6424,expense_depreciation,,False
account_snc_base_6425,Equipamento administrativo,Equipamento administrativo,6425,expense_depreciation,,False
account_snc_base_6426,Equipamentos biológicos,Equipamentos biológicos,6426,expense_depreciation,,False
account_snc_base_6427,Outros ativos fixos tangíveis,Outros ativos fixos tangíveis,6427,expense_depreciation,,False
account_snc_base_6431,Goodwill,Goodwill,6431,expense_depreciation,,False
account_snc_base_6432,Projetos de desenvolvimento,Projetos de desenvolvimento,6432,expense_depreciation,,False
account_snc_base_6433,Programas de computador,Programas de computador,6433,expense_depreciation,,False
account_snc_base_6434,Propriedade industrial,Propriedade industrial,6434,expense_depreciation,,False
account_snc_base_6436,Outros ativos intangíveis,Outros ativos intangíveis,6436,expense_depreciation,,False
account_snc_base_6441,Consumíveis,Consumíveis,6441,expense_depreciation,,False
account_snc_base_6442,De produção,De produção,6442,expense_depreciation,,False
account_snc_base_6451,Goodwill,Goodwill,6451,expense_depreciation,,False
account_snc_base_6521,Mercadorias,Mercadorias,6521,expense,,False
account_snc_base_6522,"Matérias-primas, subsidiárias e de consumo","Matérias-primas, subsidiárias e de consumo",6522,expense,,False
account_snc_base_6523,Produtos acabados e intermédios,Produtos acabados e intermédios,6523,expense,,False
account_snc_base_6524,"Subprodutos, desperdícios, resíduos e refugos","Subprodutos, desperdícios, resíduos e refugos",6524,expense,,False
account_snc_base_6525,Produtos e trabalhos em curso,Produtos e trabalhos em curso,6525,expense,,False
account_snc_base_6526,Ativos biológicos consumíveis,Ativos biológicos consumíveis,6526,expense,,False
account_snc_base_6527,Ativos biológicos de produção,Ativos biológicos de produção,6527,expense,,False
account_snc_base_6531,Participações de capital,Participações de capital,6531,expense,,False
account_snc_base_6532,Empréstimos concedidos,Empréstimos concedidos,6532,expense,,False
account_snc_base_6533,Outros investimentos financeiros,Outros investimentos financeiros,6533,expense,,False
account_snc_base_6534,Goodwill,Goodwill,6534,expense,,False
account_snc_base_6541,Terrenos e recursos naturais,Terrenos e recursos naturais,6541,expense,,False
account_snc_base_6542,Edifícios e outras construções,Edifícios e outras construções,6542,expense,,False
account_snc_base_6543,Outras propriedades de investimento,Outras propriedades de investimento,6543,expense,,False
account_snc_base_6551,Terrenos e recursos naturais,Terrenos e recursos naturais,6551,expense,,False
account_snc_base_6552,Edifícios e outras construções,Edifícios e outras construções,6552,expense,,False
account_snc_base_6553,Equipamento básico,Equipamento básico,6553,expense,,False
account_snc_base_6554,Equipamento de transporte,Equipamento de transporte,6554,expense,,False
account_snc_base_6555,Equipamento administrativo,Equipamento administrativo,6555,expense,,False
account_snc_base_6556,Equipamentos biológicos,Equipamentos biológicos,6556,expense,,False
account_snc_base_6557,Outros ativos fixos tangíveis,Outros ativos fixos tangíveis,6557,expense,,False
account_snc_base_6561,Goodwill,Goodwill,6561,expense,,False
account_snc_base_6562,Projetos de desenvolvimento,Projetos de desenvolvimento,6562,expense,,False
account_snc_base_6563,Programas de computador,Programas de computador,6563,expense,,False
account_snc_base_6564,Propriedade industrial,Propriedade industrial,6564,expense,,False
account_snc_base_6565,Outros ativos intangíveis,Outros ativos intangíveis,6565,expense,,False
account_snc_base_6571,Investimentos financeiros em curso,Investimentos financeiros em curso,6571,expense,,False
account_snc_base_6572,Propriedades de investimento em curso,Propriedades de investimento em curso,6572,expense,,False
account_snc_base_6573,Ativos fixos tangíveis em curso,Ativos fixos tangíveis em curso,6573,expense,,False
account_snc_base_6574,Ativos intangíveis em curso,Ativos intangíveis em curso,6574,expense,,False
account_snc_base_65751,Investimentos financeiros em curso,Investimentos financeiros em curso,65751,expense,,False
account_snc_base_65752,Propriedades de investimento em curso,Propriedades de investimento em curso,65752,expense,,False
account_snc_base_65753,Ativos fixos tangíveis em curso,Ativos fixos tangíveis em curso,65753,expense,,False
account_snc_base_65754,Ativos intangíveis em curso,Ativos intangíveis em curso,65754,expense,,False
account_snc_base_6581,Investimentos financeiros,Investimentos financeiros,6581,expense,,False
account_snc_base_6582,Propriedades de investimento,Propriedades de investimento,6582,expense,,False
account_snc_base_6583,Ativos fixos tangíveis,Ativos fixos tangíveis,6583,expense,,False
account_snc_base_6584,Ativos intangíveis,Ativos intangíveis,6584,expense,,False
account_snc_base_6589,Outros,Outros,6589,expense,,False
account_snc_base_661,Em instrumentos financeiros,Em instrumentos financeiros,661,expense,,False
account_snc_base_6621,Participações de capital,Participações de capital,6621,expense,,False
account_snc_base_6625,Outros investimentos financeiros,Outros investimentos financeiros,6625,expense,,False
account_snc_base_6631,Terrenos e recursos naturais,Terrenos e recursos naturais,6631,expense,,False
account_snc_base_6632,Edifícios e outras construções,Edifícios e outras construções,6632,expense,,False
account_snc_base_6636,Outras propriedades de investimento,Outras propriedades de investimento,6636,expense,,False
account_snc_base_6638,Propriedades de investimento em curso,Propriedades de investimento em curso,6638,expense,,False
account_snc_base_6641,Consumíveis,Consumíveis,6641,expense,,False
account_snc_base_6642,De produção,De produção,6642,expense,,False
account_snc_base_675,Matérias ambientais,Matérias ambientais,675,expense,,False
account_snc_base_676,Contratos onerosos,Contratos onerosos,676,expense,,False
account_snc_base_677,Reestruturação,Reestruturação,677,expense,,False
account_snc_base_678,Outras provisões,Outras provisões,678,expense,,False
account_snc_base_6811,Impostos Diretos,Impostos Diretos,6811,expense,account.tag_cfc_a00306,False
account_snc_base_6812,Impostos indiretos,Impostos indiretos,6812,expense,account.tag_cfc_a00306,False
account_snc_base_6851,Cobertura de prejuízos,Cobertura de prejuízos,6851,expense,"account.tag_cfc_a00310,account.tag_cfc_a00314",False
account_snc_base_68521,Residentes,Residentes,68521,expense,"account.tag_cfc_a00310,account.tag_cfc_a00314",False
account_snc_base_68522,Não residentes,Não residentes,68522,expense,"account.tag_cfc_a00310,account.tag_cfc_a00314",False
account_snc_base_6853,Alienações,Alienações,6853,expense,"account.tag_cfc_a00310,account.tag_cfc_a00314",False
account_snc_base_6858,Outros gastos,Outros gastos,6858,expense,"account.tag_cfc_a00310,account.tag_cfc_a00314",False
account_snc_base_6874,Gastos em propriedades de investimento,Gastos em propriedades de investimento,6874,expense,"account.tag_cfc_a00311,account.tag_cfc_a00315",False
account_snc_base_6886,Perdas em instrumentos financeiros,Perdas em instrumentos financeiros,6886,expense,,False
account_snc_base_7121,Produtos acabados,Produtos acabados,7121,income,account.tag_cfc_a00301,False
account_snc_base_7122,Produtos intermédios,Produtos intermédios,7122,income,account.tag_cfc_a00301,False
account_snc_base_7131,Subprodutos,Subprodutos,7131,income,account.tag_cfc_a00301,False
account_snc_base_7132,"Desperdícios, resíduos e refugos","Desperdícios, resíduos e refugos",7132,income,account.tag_cfc_a00306,False
account_snc_base_714,Ativos biológicos,Ativos biológicos,714,income,account.tag_cfc_a00301,False
account_snc_base_7171,Mercadorias,Mercadorias,7171,income,account.tag_cfc_a00301,False
account_snc_base_71721,Produtos acabados,Produtos acabados,71721,income,account.tag_cfc_a00301,False
account_snc_base_71722,Produtos intermédios,Produtos intermédios,71722,income,account.tag_cfc_a00301,False
account_snc_base_7181,Mercadorias,Mercadorias,7181,income,account.tag_cfc_a00301,False
account_snc_base_71821,Produtos acabados,Produtos acabados,71821,income,account.tag_cfc_a00301,False
account_snc_base_71822,Produtos intermédios,Produtos intermédios,71822,income,account.tag_cfc_a00301,False
account_snc_base_721,Serviço A,Serviço A,721,income,account.tag_cfc_a00301,False
account_snc_base_722,Serviço B,Serviço B,722,income,account.tag_cfc_a00301,False
account_snc_base_7311,Produtos acabados,Produtos acabados,7311,income,,False
account_snc_base_7312,Produtos intermédios,Produtos intermédios,7312,income,,False
account_snc_base_7321,Subprodutos,Subprodutos,7321,income,,False
account_snc_base_7322,"Desperdícios, resíduos e refugos","Desperdícios, resíduos e refugos",7322,income,,False
account_snc_base_734,Ativos biológicos,Ativos biológicos,734,income,,False
account_snc_base_743,Propriedades de investimento,Propriedades de investimento,743,income,,False
account_snc_base_76111,Terrenos e recursos naturais,Terrenos e recursos naturais,76111,income_other,,False
account_snc_base_76112,Edifícios e outras construções,Edifícios e outras construções,76112,income_other,,False
account_snc_base_76116,Outras propriedades de investimento,Outras propriedades de investimento,76116,income_other,,False
account_snc_base_76121,Terrenos e recursos naturais,Terrenos e recursos naturais,76121,income_other,,False
account_snc_base_76122,Edifícios e outras construções,Edifícios e outras construções,76122,income_other,,False
account_snc_base_76123,Equipamento básico,Equipamento básico,76123,income_other,,False
account_snc_base_76124,Equipamento de transporte,Equipamento de transporte,76124,income_other,,False
account_snc_base_76125,Equipamento administrativo,Equipamento administrativo,76125,income_other,,False
account_snc_base_76126,Equipamentos biológicos,Equipamentos biológicos,76126,income_other,,False
account_snc_base_76127,Outros ativos fixos tangíveis,Outros ativos fixos tangíveis,76127,income_other,,False
account_snc_base_76131,Goodwill,Goodwill,76131,income_other,,False
account_snc_base_76132,Projetos de desenvolvimento,Projetos de desenvolvimento,76132,income_other,,False
account_snc_base_76133,Programas de computador,Programas de computador,76133,income_other,,False
account_snc_base_76134,Propriedade industrial,Propriedade industrial,76134,income_other,,False
account_snc_base_76136,Outros ativos intangíveis,Outros ativos intangíveis,76136,income_other,,False
account_snc_base_76141,Consumíveis,Consumíveis,76141,income_other,,False
account_snc_base_76142,De produção,De produção,76142,income_other,,False
account_snc_base_76151,Goodwill,Goodwill,76151,income_other,,False
account_snc_base_76221,Mercadorias,Mercadorias,76221,income_other,,False
account_snc_base_76222,"Matérias-primas, subsidiárias e de consumo","Matérias-primas, subsidiárias e de consumo",76222,income_other,,False
account_snc_base_76223,Produtos acabados e intermédios,Produtos acabados e intermédios,76223,income_other,,False
account_snc_base_76224,"Subprodutos, desperdícios, resíduos e refugos","Subprodutos, desperdícios, resíduos e refugos",76224,income_other,,False
account_snc_base_76225,Produtos e trabalhos em curso,Produtos e trabalhos em curso,76225,income_other,,False
account_snc_base_76226,Ativos biológicos consumíveis,Ativos biológicos consumíveis,76226,income_other,,False
account_snc_base_76227,Ativos biológicos de produção,Ativos biológicos de produção,76227,income_other,,False
account_snc_base_76231,Participações de capital,Participações de capital,76231,income_other,,False
account_snc_base_76232,Empréstimos concedidos,Empréstimos concedidos,76232,income_other,,False
account_snc_base_76235,Outros investimentos financeiros,Outros investimentos financeiros,76235,income_other,,False
account_snc_base_76241,Terrenos e recursos naturais,Terrenos e recursos naturais,76241,income_other,,False
account_snc_base_76242,Edifícios e outras construções,Edifícios e outras construções,76242,income_other,,False
account_snc_base_76243,Outras propriedades de investimento,Outras propriedades de investimento,76243,income_other,,False
account_snc_base_76251,Terrenos e recursos naturais,Terrenos e recursos naturais,76251,income_other,,False
account_snc_base_76252,Edifícios e outras construções,Edifícios e outras construções,76252,income_other,,False
account_snc_base_76253,Equipamento básico,Equipamento básico,76253,income_other,,False
account_snc_base_76254,Equipamento de transporte,Equipamento de transporte,76254,income_other,,False
account_snc_base_76255,Equipamento administrativo,Equipamento administrativo,76255,income_other,,False
account_snc_base_76256,Equipamentos biológicos,Equipamentos biológicos,76256,income_other,,False
account_snc_base_76259,Outros ativos fixos tangíveis,Outros ativos fixos tangíveis,76259,income_other,,False
account_snc_base_76261,Projetos de desenvolvimento,Projetos de desenvolvimento,76261,income_other,,False
account_snc_base_76262,Programas de computador,Programas de computador,76262,income_other,,False
account_snc_base_76263,Propriedade industrial,Propriedade industrial,76263,income_other,,False
account_snc_base_76264,Outros ativos intangíveis,Outros ativos intangíveis,76264,income_other,,False
account_snc_base_76271,Investimentos financeiros em curso,Investimentos financeiros em curso,76271,income_other,,False
account_snc_base_76272,Propriedades de investimento em curso,Propriedades de investimento em curso,76272,income_other,,False
account_snc_base_76273,Ativos fixos tangíveis em curso,Ativos fixos tangíveis em curso,76273,income_other,,False
account_snc_base_76274,Ativos intangíveis em curso,Ativos intangíveis em curso,76274,income_other,,False
account_snc_base_762751,Investimentos financeiros em curso,Investimentos financeiros em curso,762751,income_other,,False
account_snc_base_762752,Propriedades de investimento em curso,Propriedades de investimento em curso,762752,income_other,,False
account_snc_base_762753,Ativos fixos tangíveis em curso,Ativos fixos tangíveis em curso,762753,income_other,,False
account_snc_base_762754,Ativos intangíveis em curso,Ativos intangíveis em curso,762754,income_other,,False
account_snc_base_76281,Investimentos financeiros,Investimentos financeiros,76281,income_other,,False
account_snc_base_76282,Propriedades de investimento,Propriedades de investimento,76282,income_other,,False
account_snc_base_76283,Ativos fixos tangíveis,Ativos fixos tangíveis,76283,income_other,,False
account_snc_base_76284,Ativos intangíveis,Ativos intangíveis,76284,income_other,,False
account_snc_base_76289,Outros,Outros,76289,income_other,,False
account_snc_base_7635,Matérias ambientais,Matérias ambientais,7635,income_other,,False
account_snc_base_7636,Contratos onerosos,Contratos onerosos,7636,income_other,,False
account_snc_base_7637,Reestruturação,Reestruturação,7637,income_other,,False
account_snc_base_7638,Outras provisões,Outras provisões,7638,income_other,,False
account_snc_base_771,Em instrumentos financeiros,Em instrumentos financeiros,771,income_other,,False
account_snc_base_7721,Participações de capital,Participações de capital,7721,income_other,,False
account_snc_base_7725,Outros investimentos financeiros,Outros investimentos financeiros,7725,income_other,,False
account_snc_base_7731,Terrenos e recursos naturais,Terrenos e recursos naturais,7731,income_other,,False
account_snc_base_7732,Edifícios e outras construções,Edifícios e outras construções,7732,income_other,,False
account_snc_base_7736,Outras propriedades de investimento,Outras propriedades de investimento,7736,income_other,,False
account_snc_base_7738,Propriedades de investimento em curso,Propriedades de investimento em curso,7738,income_other,,False
account_snc_base_7741,Consumíveis,Consumíveis,7741,income_other,,False
account_snc_base_7742,De produção,De produção,7742,income_other,,False
account_snc_base_7811,Serviços sociais,Serviços sociais,7811,income_other,account.tag_cfc_a00306,False
account_snc_base_7812,Aluguer de equipamento,Aluguer de equipamento,7812,income_other,account.tag_cfc_a00306,False
account_snc_base_7813,"Estudos, projetos e assistência tecnológica","Estudos, projetos e assistência tecnológica",7813,income_other,account.tag_cfc_a00306,False
account_snc_base_7814,Royalties,Royalties,7814,income_other,account.tag_cfc_a00306,False
account_snc_base_7815,Desempenho de cargos sociais noutras empresas,Desempenho de cargos sociais noutras empresas,7815,income_other,account.tag_cfc_a00306,False
account_snc_base_7816,Outros rendimentos suplementares,Outros rendimentos suplementares,7816,income_other,account.tag_cfc_a00306,False
account_snc_base_78511,Residentes,Residentes,78511,income_other,account.tag_cfc_a00314,False
account_snc_base_78512,Não residentes,Não residentes,78512,income_other,account.tag_cfc_a00314,False
account_snc_base_7852,Alienações,Alienações,7852,income_other,account.tag_cfc_a00314,False
account_snc_base_7858,Outros rendimentos,Outros rendimentos,7858,income_other,account.tag_cfc_a00314,False
account_snc_base_78731,Rendas e outros rendimentos em propriedades de investimento,Rendas e outros rendimentos em propriedades de investimento,78731,income_other,account.tag_cfc_a00315,False
account_snc_base_787321,Rendas de terrenos sem edifícios implantados,Rendas de terrenos sem edifícios implantados,787321,income_other,account.tag_cfc_a00315,False
account_snc_base_787322,Rendas de terrenos com edifícios implantados,Rendas de terrenos com edifícios implantados,787322,income_other,account.tag_cfc_a00315,False
account_snc_base_7884,Ganhos em outros instrumentos financeiros,Ganhos em outros instrumentos financeiros,7884,income_other,,False
account_snc_base_7912,De outras aplicações de meios financeiros líquidos,De outras aplicações de meios financeiros líquidos,7912,income_other,account.tag_cfc_a00319,False
account_snc_base_7913,De financiamentos concedidos a associadas e empreendimentos conjuntos,De financiamentos concedidos a associadas e empreendimentos conjuntos,7913,income_other,account.tag_cfc_a00319,False
account_snc_base_7914,De financiamentos concedidos a subsidiárias,De financiamentos concedidos a subsidiárias,7914,income_other,account.tag_cfc_a00319,False
account_snc_base_7918,De outros financiamentos concedidos,De outros financiamentos concedidos,7918,income_other,account.tag_cfc_a00319,False
account_snc_base_7921,De aplicações de meios financeiros líquidos,De aplicações de meios financeiros líquidos,7921,income_other,account.tag_cfc_a00318,False
account_snc_base_7922,De associadas e empreendimentos conjuntos,De associadas e empreendimentos conjuntos,7922,income_other,account.tag_cfc_a00318,False
account_snc_base_7923,De subsidiárias,De subsidiárias,7923,income_other,account.tag_cfc_a00318,False
account_snc_base_7928,Outras,Outras,7928,income_other,account.tag_cfc_a00318,False
account_snc_base_8122,Imposto diferido,Imposto diferido,8122,equity,,False
